{
  "best_epoch": 18,
  "boundary_telemetry": {
    "gate_mean": 0.44496655464172363,
    "halt_prob_mean": 0.0034265872091054916,
    "halt_prob_std": 0.012727637775242329,
    "ponder_cost_mean": 0.09251785278320312,
    "segments_per_seq_mean": 0.875,
    "segments_per_seq_std": 0.3333333432674408
  },
  "checkpoint_path": "reports\\experiments\\20260318-044229-phase1\\best.pt",
  "device": "cuda",
  "early_stopping_patience": 5,
  "epoch": 18,
  "instability_events": 0,
  "model_config": "configs/model/boundary_hrm_v0.toml",
  "ood_exact_accuracy": 0.404296875,
  "ood_graph_waypoint_exact_accuracy": 0.0546875,
  "ood_loss": 3.5076577439904213,
  "ood_macro_exact_accuracy": 0.404296875,
  "ood_nested_arith_exact_accuracy": 0.46875,
  "ood_register_machine_exact_accuracy": 0.5859375,
  "ood_segment_match_exact_accuracy": 0.5078125,
  "params_total": 3508242,
  "peak_vram_mb": 161.6474609375,
  "seed": 123,
  "steps_to_best_val": 18,
  "stop_epoch": 23,
  "stopped_early": true,
  "train_config": "configs/train/phase1_local_3070.toml",
  "train_loss": 0.3157034816686064,
  "train_max_grad_norm": 3.3014633655548096,
  "val_exact_accuracy": 0.75390625,
  "val_graph_waypoint_exact_accuracy": 0.69140625,
  "val_loss": 0.8565093483775854,
  "val_macro_exact_accuracy": 0.75390625,
  "val_nested_arith_exact_accuracy": 0.7890625,
  "val_register_machine_exact_accuracy": 0.7265625,
  "val_segment_match_exact_accuracy": 0.80859375,
  "wall_clock_sec_per_epoch": 10.0723421999719
}
