{
  "best_epoch": 23,
  "boundary_telemetry": {
    "gate_mean": 0.2048472762107849,
    "halt_prob_mean": 0.0008345108362846076,
    "halt_prob_std": 0.001525314524769783,
    "ponder_cost_mean": 0.022531792521476746,
    "segments_per_seq_mean": 0.796875,
    "segments_per_seq_std": 0.4055052697658539
  },
  "checkpoint_path": "reports\\experiments\\20260318-042724-phase1\\best.pt",
  "device": "cuda",
  "early_stopping_patience": 5,
  "epoch": 23,
  "instability_events": 0,
  "model_config": "configs/model/boundary_hrm_v0.toml",
  "ood_exact_accuracy": 0.400390625,
  "ood_graph_waypoint_exact_accuracy": 0.046875,
  "ood_loss": 4.4153415858745575,
  "ood_macro_exact_accuracy": 0.400390625,
  "ood_nested_arith_exact_accuracy": 0.484375,
  "ood_register_machine_exact_accuracy": 0.53515625,
  "ood_segment_match_exact_accuracy": 0.53515625,
  "params_total": 3508242,
  "peak_vram_mb": 163.0947265625,
  "seed": 7,
  "steps_to_best_val": 23,
  "stop_epoch": 28,
  "stopped_early": true,
  "train_config": "configs/train/phase1_local_3070.toml",
  "train_loss": 0.25385313166771084,
  "train_max_grad_norm": 3.072770118713379,
  "val_exact_accuracy": 0.7578125,
  "val_graph_waypoint_exact_accuracy": 0.66796875,
  "val_loss": 0.9856434529647231,
  "val_macro_exact_accuracy": 0.7578125,
  "val_nested_arith_exact_accuracy": 0.77734375,
  "val_register_machine_exact_accuracy": 0.73828125,
  "val_segment_match_exact_accuracy": 0.84765625,
  "wall_clock_sec_per_epoch": 13.2624595000525
}
